{"cameraMode":{"drawMode":0,"name":"Shaded","section":"Shading Mode"},"sceneLighting":true,"audioPlay":false,"sceneViewState":{"m_AlwaysRefresh":false,"showFog":true,"showSkybox":true,"showFlares":true,"showImageEffects":true,"showParticleSystems":true,"showVisualEffectGraphs":true,"m_FxEnabled":true},"in2DMode":false,"pivot":{"x":-2.5721511840820314,"y":-16.99090576171875,"z":197.2108154296875},"rotation":{"x":-0.4327990412712097,"y":0.06400822848081589,"z":-0.030819077044725419,"w":-0.8986907005310059},"size":19.067169189453126,"orthographic":false}