{"cameraMode":{"drawMode":0,"name":"Shaded","section":"Shading Mode"},"sceneLighting":true,"audioPlay":false,"sceneViewState":{"m_AlwaysRefresh":false,"showFog":true,"showSkybox":true,"showFlares":true,"showImageEffects":true,"showParticleSystems":true,"showVisualEffectGraphs":true,"m_FxEnabled":true},"in2DMode":false,"pivot":{"x":-57.420230865478519,"y":-82.37268829345703,"z":120.42253112792969},"rotation":{"x":-0.28941449522972109,"y":0.2177632749080658,"z":-0.06779412180185318,"w":-0.9296367764472961},"size":107.38951110839844,"orthographic":false}