{"cameraMode":{"drawMode":0,"name":"Shaded","section":"Shading Mode"},"sceneLighting":true,"audioPlay":false,"sceneViewState":{"m_AlwaysRefresh":false,"showFog":true,"showSkybox":true,"showFlares":true,"showImageEffects":true,"showParticleSystems":true,"showVisualEffectGraphs":true,"m_FxEnabled":true},"in2DMode":false,"pivot":{"x":4.642334461212158,"y":0.6431822776794434,"z":0.7455015182495117},"rotation":{"x":-0.08417772501707077,"y":-0.3945590555667877,"z":0.03632614016532898,"w":-0.9142917990684509},"size":3.8438918590545656,"orthographic":false}